time,open,high,low,close,volume
2026-05-15 14:01:00,73.1,73.2,73.0,73.1,13000
2026-05-15 14:02:00,73.1,73.1,73.0,73.0,12000
2026-05-15 14:03:00,73.0,73.0,73.0,73.0,5900
2026-05-15 14:04:00,73.0,73.2,73.0,73.2,23700
2026-05-15 14:05:00,73.1,73.1,73.0,73.1,9400
2026-05-15 14:06:00,73.1,73.2,73.0,73.1,15800
2026-05-15 14:07:00,73.1,73.1,73.0,73.1,13900
2026-05-15 14:08:00,73.0,73.1,73.0,73.0,14400
2026-05-15 14:09:00,73.0,73.0,72.9,72.9,28100
2026-05-15 14:10:00,73.0,73.1,72.9,73.0,23600
2026-05-15 14:11:00,73.0,73.0,72.9,73.0,15500
2026-05-15 14:12:00,73.0,73.0,72.9,73.0,9300
2026-05-15 14:13:00,73.0,73.0,72.9,73.0,30100
2026-05-15 14:14:00,72.9,73.0,72.9,72.9,22500
2026-05-15 14:15:00,72.9,73.0,72.9,73.0,33800
2026-05-15 14:16:00,73.0,73.0,72.9,72.9,16700
2026-05-15 14:17:00,73.0,73.0,72.9,72.9,14500
2026-05-15 14:18:00,72.9,73.0,72.8,72.8,154600
2026-05-15 14:19:00,72.9,73.0,72.8,72.9,36600
2026-05-15 14:20:00,72.9,73.0,72.8,72.9,27000
2026-05-15 14:21:00,73.0,73.0,72.8,72.9,12100
2026-05-15 14:22:00,72.8,73.0,72.8,73.0,97400
2026-05-15 14:23:00,73.0,73.0,72.9,72.9,34800
2026-05-15 14:24:00,72.9,73.0,72.9,72.9,29300
2026-05-15 14:25:00,72.9,73.0,72.9,73.0,91100
2026-05-15 14:26:00,73.0,73.1,73.0,73.0,39100
2026-05-15 14:27:00,73.0,73.1,72.9,73.0,42100
2026-05-15 14:28:00,73.0,73.0,72.9,73.0,23500
2026-05-15 14:29:00,73.0,73.1,72.9,73.0,35700
2026-05-15 14:45:00,72.9,72.9,72.9,72.9,335300
2026-05-18 09:15:00,72.9,73.0,72.9,72.9,83600
2026-05-18 09:16:00,72.9,72.9,72.4,72.5,158800
2026-05-18 09:17:00,72.5,72.5,72.4,72.5,29700
2026-05-18 09:18:00,72.5,72.5,72.2,72.2,43800
2026-05-18 09:19:00,72.2,72.3,72.1,72.2,38400
2026-05-18 09:20:00,72.2,72.2,72.1,72.2,25400
2026-05-18 09:21:00,72.2,72.2,72.1,72.2,83100
2026-05-18 09:22:00,72.3,72.3,72.2,72.3,8100
2026-05-18 09:23:00,72.3,72.4,72.3,72.3,25200
2026-05-18 09:24:00,72.4,72.4,72.3,72.3,11700
2026-05-18 09:25:00,72.3,72.4,72.2,72.2,22600
2026-05-18 09:26:00,72.3,72.4,72.2,72.3,36700
2026-05-18 09:27:00,72.3,72.3,72.2,72.2,46300
2026-05-18 09:28:00,72.2,72.2,72.2,72.2,32900
2026-05-18 09:29:00,72.2,72.2,72.0,72.1,87000
2026-05-18 09:30:00,72.0,72.2,72.0,72.1,50600
2026-05-18 09:31:00,72.2,72.2,72.1,72.2,18600
2026-05-18 09:32:00,72.1,72.2,72.1,72.1,9500
2026-05-18 09:33:00,72.1,72.2,72.1,72.2,10500
2026-05-18 09:34:00,72.2,72.2,72.1,72.1,9500
2026-05-18 09:35:00,72.1,72.2,72.1,72.1,31600
2026-05-18 09:36:00,72.1,72.3,72.1,72.3,78900
2026-05-18 09:37:00,72.3,72.3,72.2,72.3,29600
2026-05-18 09:38:00,72.3,72.4,72.3,72.4,21500
2026-05-18 09:39:00,72.4,72.4,72.3,72.4,32000
2026-05-18 09:40:00,72.3,72.4,72.3,72.4,4400
2026-05-18 09:41:00,72.4,72.5,72.4,72.5,43200
2026-05-18 09:42:00,72.5,72.5,72.3,72.3,73000
2026-05-18 09:43:00,72.3,72.3,72.2,72.3,20400
2026-05-18 09:44:00,72.3,72.4,72.3,72.4,12400
2026-05-18 09:45:00,72.3,72.4,72.3,72.3,5600
2026-05-18 09:46:00,72.3,72.4,72.3,72.3,2400
2026-05-18 09:47:00,72.4,72.4,72.3,72.4,14800
2026-05-18 09:48:00,72.4,72.4,72.4,72.4,600
2026-05-18 09:49:00,72.4,72.4,72.3,72.3,52600
2026-05-18 09:50:00,72.2,72.3,72.2,72.3,7400
2026-05-18 09:51:00,72.3,72.3,72.2,72.3,8600
2026-05-18 09:52:00,72.3,72.3,72.2,72.2,9300
2026-05-18 09:53:00,72.2,72.3,72.2,72.3,10300
2026-05-18 09:54:00,72.3,72.3,72.2,72.3,16800
2026-05-18 09:55:00,72.2,72.3,72.2,72.2,5600
2026-05-18 09:56:00,72.2,72.3,72.2,72.3,12600
2026-05-18 09:57:00,72.3,72.4,72.3,72.3,1800
2026-05-18 09:58:00,72.3,72.4,72.3,72.3,19600
2026-05-18 09:59:00,72.3,72.3,72.3,72.3,2900
2026-05-18 10:00:00,72.2,72.3,72.2,72.3,28000
2026-05-18 10:01:00,72.3,72.4,72.3,72.3,800
2026-05-18 10:02:00,72.3,72.4,72.3,72.4,4300
2026-05-18 10:03:00,72.3,72.4,72.3,72.3,7100
2026-05-18 10:04:00,72.3,72.3,72.2,72.3,19700
2026-05-18 10:05:00,72.2,72.3,72.2,72.3,10600
2026-05-18 10:06:00,72.3,72.4,72.3,72.3,5000
2026-05-18 10:07:00,72.3,72.3,72.3,72.3,10300
2026-05-18 10:08:00,72.3,72.4,72.3,72.3,3500
2026-05-18 10:09:00,72.3,72.4,72.3,72.4,1300
2026-05-18 10:10:00,72.3,72.4,72.3,72.4,4500
2026-05-18 10:11:00,72.4,72.4,72.3,72.3,3300
2026-05-18 10:12:00,72.3,72.4,72.3,72.3,19300
2026-05-18 10:13:00,72.3,72.4,72.3,72.4,5600
2026-05-18 10:14:00,72.4,72.4,72.3,72.3,6400
2026-05-18 10:15:00,72.3,72.4,72.3,72.3,2700
2026-05-18 10:16:00,72.3,72.3,72.3,72.3,900
2026-05-18 10:17:00,72.4,72.4,72.3,72.4,4700
2026-05-18 10:18:00,72.3,72.3,72.3,72.3,4100
2026-05-18 10:19:00,72.4,72.4,72.3,72.3,6600
2026-05-18 10:20:00,72.3,72.3,72.3,72.3,5000
2026-05-18 10:21:00,72.3,72.3,72.3,72.3,8300
2026-05-18 10:22:00,72.3,72.4,72.3,72.3,12800
2026-05-18 10:23:00,72.3,72.4,72.2,72.3,107700
2026-05-18 10:24:00,72.3,72.3,72.2,72.3,14600
2026-05-18 10:25:00,72.2,72.3,72.2,72.3,2400
2026-05-18 10:26:00,72.3,72.3,72.2,72.2,1100
2026-05-18 10:27:00,72.2,72.2,72.2,72.2,19000
2026-05-18 10:28:00,72.2,72.3,72.2,72.2,1300
2026-05-18 10:29:00,72.2,72.3,72.2,72.2,2400
2026-05-18 10:30:00,72.2,72.3,72.2,72.3,24500
2026-05-18 10:31:00,72.3,72.3,72.3,72.3,3600
2026-05-18 10:32:00,72.3,72.4,72.3,72.3,11000
2026-05-18 10:33:00,72.3,72.3,72.3,72.3,4500
2026-05-18 10:34:00,72.3,72.3,72.3,72.3,4100
2026-05-18 10:35:00,72.2,72.3,72.2,72.3,21100
2026-05-18 10:36:00,72.4,72.4,72.3,72.3,10100
2026-05-18 10:37:00,72.3,72.4,72.3,72.4,2600
2026-05-18 10:38:00,72.3,72.4,72.3,72.4,13500
2026-05-18 10:39:00,72.4,72.7,72.4,72.7,108200
2026-05-18 10:40:00,72.7,72.9,72.7,72.7,32500
2026-05-18 10:41:00,72.7,72.7,72.7,72.7,17700
2026-05-18 10:42:00,72.8,72.8,72.7,72.8,6100
2026-05-18 10:43:00,72.7,72.8,72.7,72.8,10100
2026-05-18 10:44:00,72.7,72.9,72.7,72.8,24900
2026-05-18 10:45:00,72.8,73.2,72.8,73.2,181900
2026-05-18 10:46:00,73.2,73.4,73.1,73.3,67700
2026-05-18 10:47:00,73.3,73.5,73.3,73.5,122800
2026-05-18 10:48:00,73.5,73.8,73.3,73.4,125900
2026-05-18 10:49:00,73.5,73.7,73.4,73.5,90200
2026-05-18 10:50:00,73.5,73.6,73.5,73.5,41100
2026-05-18 10:51:00,73.6,73.8,73.5,73.7,66600
2026-05-18 10:52:00,73.7,73.8,73.6,73.6,86000
2026-05-18 10:53:00,73.7,73.7,73.5,73.5,17400
2026-05-18 10:54:00,73.6,73.6,73.4,73.4,59700
2026-05-18 10:55:00,73.4,73.4,73.3,73.4,35300
2026-05-18 10:56:00,73.3,73.4,73.2,73.3,17200
2026-05-18 10:57:00,73.2,73.4,73.2,73.4,21300
2026-05-18 10:58:00,73.4,73.5,73.3,73.5,32500
2026-05-18 10:59:00,73.4,73.5,73.4,73.5,14800
2026-05-18 11:00:00,73.4,73.5,73.4,73.5,27700
2026-05-18 11:01:00,73.5,73.5,73.5,73.5,10800
2026-05-18 11:02:00,73.5,73.5,73.5,73.5,34600
2026-05-18 11:03:00,73.4,73.5,73.4,73.4,7100
2026-05-18 11:04:00,73.4,73.5,73.4,73.5,16700
2026-05-18 11:05:00,73.4,73.5,73.4,73.4,32500
2026-05-18 11:06:00,73.5,73.5,73.5,73.5,32400
2026-05-18 11:07:00,73.4,73.5,73.4,73.4,5400
2026-05-18 11:08:00,73.4,73.5,73.4,73.5,4800
2026-05-18 11:09:00,73.4,73.5,73.4,73.4,2200
2026-05-18 11:10:00,73.4,73.4,73.3,73.3,37400
2026-05-18 11:11:00,73.3,73.4,73.3,73.3,7700
2026-05-18 11:12:00,73.3,73.4,73.3,73.4,12500
2026-05-18 11:13:00,73.3,73.4,73.3,73.4,39200
2026-05-18 11:14:00,73.4,73.5,73.4,73.5,17000
2026-05-18 11:15:00,73.4,73.5,73.4,73.4,2300
2026-05-18 11:16:00,73.5,73.5,73.4,73.4,5400
2026-05-18 11:17:00,73.5,73.5,73.4,73.5,7000
2026-05-18 11:18:00,73.5,73.5,73.4,73.5,18500
2026-05-18 11:19:00,73.5,73.8,73.5,73.7,191300
2026-05-18 11:20:00,73.7,73.8,73.6,73.7,48000
2026-05-18 11:21:00,73.7,73.8,73.7,73.7,35300
2026-05-18 11:22:00,73.7,73.7,73.6,73.6,37900
2026-05-18 11:23:00,73.7,73.7,73.6,73.7,26300
2026-05-18 11:24:00,73.7,73.8,73.7,73.8,28900
2026-05-18 11:25:00,73.8,73.8,73.7,73.8,58100
2026-05-18 11:26:00,73.8,73.8,73.7,73.7,26100
2026-05-18 11:27:00,73.7,73.8,73.7,73.7,23200
2026-05-18 11:28:00,73.8,73.8,73.6,73.6,37400
2026-05-18 11:29:00,73.7,73.8,73.6,73.7,51000
2026-05-18 13:00:00,73.7,73.8,73.6,73.6,175600
2026-05-18 13:01:00,73.7,73.7,73.5,73.6,161200
2026-05-18 13:02:00,73.7,73.7,73.5,73.6,28200
2026-05-18 13:03:00,73.7,73.7,73.6,73.6,31500
2026-05-18 13:04:00,73.7,73.7,73.5,73.5,136400
2026-05-18 13:05:00,73.4,73.5,73.3,73.4,163000
2026-05-18 13:06:00,73.4,73.5,73.3,73.3,109700
2026-05-18 13:07:00,73.3,73.3,73.1,73.2,173500
2026-05-18 13:08:00,73.2,73.4,73.0,73.4,99400
2026-05-18 13:09:00,73.4,73.5,73.2,73.4,51600
2026-05-18 13:10:00,73.4,73.6,73.3,73.6,99900
2026-05-18 13:11:00,73.5,73.8,73.5,73.7,152100
2026-05-18 13:12:00,73.8,73.8,73.5,73.6,58000
2026-05-18 13:13:00,73.6,73.7,73.5,73.6,51000
2026-05-18 13:14:00,73.6,73.6,73.5,73.6,69400
2026-05-18 13:15:00,73.6,73.6,73.5,73.6,20700
2026-05-18 13:16:00,73.6,73.7,73.5,73.6,69200
2026-05-18 13:17:00,73.6,73.6,73.5,73.6,54300
2026-05-18 13:18:00,73.6,73.6,73.5,73.6,30100
2026-05-18 13:19:00,73.6,73.6,73.5,73.6,88300
2026-05-18 13:20:00,73.6,73.6,73.5,73.6,73100
2026-05-18 13:21:00,73.6,73.6,73.5,73.6,43800
2026-05-18 13:22:00,73.6,73.6,73.5,73.5,29800
2026-05-18 13:23:00,73.5,73.6,73.4,73.4,53700
2026-05-18 13:24:00,73.5,73.5,73.4,73.5,64800
2026-05-18 13:25:00,73.5,73.6,73.5,73.6,100300
2026-05-18 13:26:00,73.7,73.7,73.5,73.6,63200
2026-05-18 13:27:00,73.6,73.6,73.5,73.5,70100
2026-05-18 13:28:00,73.6,73.7,73.4,73.6,52200
2026-05-18 13:29:00,73.6,73.6,73.5,73.5,20200
2026-05-18 13:30:00,73.5,73.5,73.4,73.5,39900
2026-05-18 13:31:00,73.4,73.5,73.4,73.5,49500
2026-05-18 13:32:00,73.4,73.5,73.4,73.5,12000
2026-05-18 13:33:00,73.5,73.6,73.4,73.5,32100
2026-05-18 13:34:00,73.6,73.6,73.5,73.6,36400
2026-05-18 13:35:00,73.6,73.7,73.5,73.6,136600
2026-05-18 13:36:00,73.6,73.7,73.5,73.6,59400
2026-05-18 13:37:00,73.6,73.7,73.5,73.6,70000
2026-05-18 13:38:00,73.6,73.7,73.6,73.6,123900
2026-05-18 13:39:00,73.7,73.8,73.6,73.8,107600
2026-05-18 13:40:00,73.7,73.8,73.7,73.8,89500
2026-05-18 13:41:00,73.8,73.9,73.8,73.9,205300
2026-05-18 13:42:00,73.9,74.2,73.8,74.2,577600
2026-05-18 13:43:00,74.2,74.4,74.1,74.2,371800
2026-05-18 13:44:00,74.2,74.3,74.0,74.1,190500
2026-05-18 13:45:00,74.1,74.2,74.0,74.2,175800
2026-05-18 13:46:00,74.2,74.2,74.1,74.2,44700
2026-05-18 13:47:00,74.2,74.3,74.1,74.2,175200
2026-05-18 13:48:00,74.2,74.3,74.1,74.2,82800
2026-05-18 13:49:00,74.3,74.4,74.2,74.3,171200
2026-05-18 13:50:00,74.3,74.5,74.3,74.5,362700
2026-05-18 13:51:00,74.5,74.6,74.4,74.6,548200
2026-05-18 13:52:00,74.6,74.8,74.6,74.6,259500
2026-05-18 13:53:00,74.7,74.7,74.6,74.7,200300
2026-05-18 13:54:00,74.7,74.9,74.6,74.7,489700
2026-05-18 13:55:00,74.8,74.9,74.7,74.9,252600
2026-05-18 13:56:00,74.9,75.0,74.8,75.0,333400
2026-05-18 13:57:00,75.0,75.3,74.9,75.2,829800
2026-05-18 13:58:00,75.2,75.3,74.9,74.9,465000
2026-05-18 13:59:00,74.9,75.0,74.7,74.8,280900
2026-05-18 14:00:00,74.8,74.9,74.7,74.9,280400
2026-05-18 14:01:00,74.9,74.9,74.8,74.8,162800
2026-05-18 14:02:00,74.8,74.9,74.7,74.8,136000
2026-05-18 14:03:00,74.8,75.0,74.7,74.9,218900
2026-05-18 14:04:00,74.9,75.0,74.9,74.9,183600
2026-05-18 14:05:00,74.9,75.0,74.8,74.9,225000
2026-05-18 14:06:00,74.9,75.0,74.8,74.8,378200
2026-05-18 14:07:00,74.9,75.0,74.8,74.9,77800
2026-05-18 14:08:00,74.8,74.9,74.8,74.9,84100
2026-05-18 14:09:00,74.8,74.9,74.6,74.7,325000
2026-05-18 14:10:00,74.6,74.7,74.5,74.6,132400
2026-05-18 14:11:00,74.6,74.7,74.6,74.7,64100
2026-05-18 14:12:00,74.6,74.8,74.6,74.8,57100
2026-05-18 14:13:00,74.7,74.8,74.7,74.7,113600
2026-05-18 14:14:00,74.7,74.8,74.7,74.7,73700
2026-05-18 14:15:00,74.8,74.9,74.7,74.9,232200
2026-05-18 14:16:00,74.9,74.9,74.7,74.8,161000
2026-05-18 14:17:00,74.8,74.9,74.8,74.8,70500
2026-05-18 14:18:00,74.9,74.9,74.8,74.9,281400
2026-05-18 14:19:00,74.9,75.0,74.8,74.9,152800
2026-05-18 14:20:00,75.0,75.0,74.8,74.9,153500
2026-05-18 14:21:00,74.9,74.9,74.8,74.9,108200
2026-05-18 14:22:00,74.9,75.0,74.8,74.8,202800
2026-05-18 14:23:00,74.9,74.9,74.7,74.8,63000
2026-05-18 14:24:00,74.8,74.8,74.7,74.8,46000
2026-05-18 14:25:00,74.8,74.9,74.7,74.8,126800
2026-05-18 14:26:00,74.7,74.9,74.7,74.8,100300
2026-05-18 14:27:00,74.8,74.9,74.8,74.8,77200
2026-05-18 14:28:00,74.8,74.9,74.8,74.9,34100
2026-05-18 14:29:00,74.9,74.9,74.8,74.9,61600
2026-05-18 14:45:00,74.9,74.9,74.9,74.9,938600
2026-05-19 09:15:00,75.0,75.4,75.0,75.3,364500
2026-05-19 09:16:00,75.3,75.4,75.2,75.2,148700
2026-05-19 09:17:00,75.1,75.2,74.9,75.0,261400
2026-05-19 09:18:00,74.9,75.0,74.8,74.8,58500
2026-05-19 09:19:00,74.8,74.9,74.8,74.8,24300
2026-05-19 09:20:00,74.8,74.9,74.8,74.9,47300
2026-05-19 09:21:00,74.9,74.9,74.8,74.8,34000
2026-05-19 09:22:00,74.8,74.9,74.7,74.7,43000
2026-05-19 09:23:00,74.7,74.8,74.6,74.6,27200
2026-05-19 09:24:00,74.5,74.6,74.4,74.4,66300
2026-05-19 09:25:00,74.4,74.5,74.3,74.4,20000
2026-05-19 09:26:00,74.4,74.5,74.3,74.4,59400
2026-05-19 09:27:00,74.4,74.6,74.4,74.5,28800
2026-05-19 09:28:00,74.5,74.5,74.5,74.5,13400
2026-05-19 09:29:00,74.6,74.6,74.5,74.6,15700
2026-05-19 09:30:00,74.7,74.7,74.7,74.7,25400
2026-05-19 09:31:00,74.7,74.8,74.7,74.8,26800
2026-05-19 09:32:00,74.9,74.9,74.8,74.8,33100
2026-05-19 09:33:00,74.8,74.9,74.8,74.8,3600
2026-05-19 09:34:00,74.8,74.9,74.8,74.8,75500
2026-05-19 09:35:00,74.8,74.9,74.6,74.6,50700
2026-05-19 09:36:00,74.6,74.7,74.5,74.5,32500
2026-05-19 09:37:00,74.5,74.6,74.5,74.5,29300
2026-05-19 09:38:00,74.5,74.6,74.5,74.5,26800
2026-05-19 09:39:00,74.5,74.6,74.5,74.6,18900
2026-05-19 09:40:00,74.5,74.6,74.5,74.5,7900
2026-05-19 09:41:00,74.6,74.6,74.5,74.5,20900
2026-05-19 09:42:00,74.5,74.5,74.5,74.5,32200
2026-05-19 09:43:00,74.5,74.6,74.5,74.6,19000
2026-05-19 09:44:00,74.5,74.6,74.5,74.5,18900
2026-05-19 09:45:00,74.5,74.6,74.5,74.6,17400
2026-05-19 09:46:00,74.6,74.7,74.5,74.6,10200
2026-05-19 09:47:00,74.6,74.7,74.5,74.6,34200
2026-05-19 09:48:00,74.6,74.6,74.5,74.5,19800
2026-05-19 09:49:00,74.6,74.7,74.6,74.6,23700
2026-05-19 09:50:00,74.6,74.7,74.6,74.6,9800
2026-05-19 09:51:00,74.7,74.8,74.6,74.8,20400
2026-05-19 09:52:00,74.8,74.8,74.7,74.7,19600
2026-05-19 09:53:00,74.7,74.8,74.7,74.8,6000
2026-05-19 09:54:00,74.8,74.8,74.7,74.7,46400
2026-05-19 09:55:00,74.7,74.8,74.7,74.7,14500
2026-05-19 09:56:00,74.7,74.8,74.6,74.7,31600
2026-05-19 09:57:00,74.7,74.7,74.6,74.6,12500
2026-05-19 09:58:00,74.7,74.7,74.6,74.7,19900
2026-05-19 09:59:00,74.7,74.8,74.6,74.8,27000
2026-05-19 10:00:00,74.7,74.8,74.7,74.7,25000
2026-05-19 10:01:00,74.8,74.8,74.7,74.7,21600
2026-05-19 10:02:00,74.8,74.8,74.7,74.7,24700
2026-05-19 10:03:00,74.7,74.8,74.7,74.7,30300
2026-05-19 10:04:00,74.8,74.8,74.7,74.7,50600
2026-05-19 10:05:00,74.8,74.8,74.7,74.8,14900
2026-05-19 10:06:00,74.7,74.8,74.7,74.8,14500
2026-05-19 10:07:00,74.8,74.9,74.7,74.9,127600
2026-05-19 10:08:00,74.9,75.2,74.9,75.2,312100
2026-05-19 10:09:00,75.2,75.8,75.2,75.6,628900
2026-05-19 10:10:00,75.6,75.7,75.1,75.3,142300
2026-05-19 10:11:00,75.3,75.4,75.2,75.4,73500
2026-05-19 10:12:00,75.3,75.5,75.3,75.4,103700
2026-05-19 10:13:00,75.4,75.6,75.4,75.5,131700
2026-05-19 10:14:00,75.5,75.6,75.4,75.5,70800
2026-05-19 10:15:00,75.5,75.7,75.5,75.7,204400
2026-05-19 10:16:00,75.7,75.7,75.5,75.6,298800
2026-05-19 10:17:00,75.6,75.7,75.5,75.5,187600
2026-05-19 10:18:00,75.5,75.5,75.3,75.4,92300
2026-05-19 10:19:00,75.3,75.4,75.2,75.3,43800
2026-05-19 10:20:00,75.3,75.4,75.2,75.4,38100
2026-05-19 10:21:00,75.3,75.4,75.3,75.3,52100
2026-05-19 10:22:00,75.3,75.4,75.2,75.3,30700
2026-05-19 10:23:00,75.3,75.3,75.2,75.3,10900
2026-05-19 10:24:00,75.2,75.3,75.2,75.2,42800
2026-05-19 10:25:00,75.3,75.3,75.2,75.2,28800
2026-05-19 10:26:00,75.2,75.4,75.2,75.3,38100
2026-05-19 10:27:00,75.3,75.4,75.2,75.3,81500
2026-05-19 10:28:00,75.2,75.4,75.2,75.2,15500
2026-05-19 10:29:00,75.2,75.3,75.2,75.3,14400
2026-05-19 10:30:00,75.2,75.3,75.2,75.3,31300
2026-05-19 10:31:00,75.4,75.4,75.3,75.3,38200
2026-05-19 10:32:00,75.2,75.3,75.1,75.1,104400
2026-05-19 10:33:00,75.1,75.2,75.1,75.1,31600
2026-05-19 10:34:00,75.1,75.2,75.0,75.0,47000
2026-05-19 10:35:00,75.0,75.1,75.0,75.1,82900
2026-05-19 10:36:00,75.1,75.2,75.0,75.2,12600
2026-05-19 10:37:00,75.0,75.2,75.0,75.1,32300
2026-05-19 10:38:00,75.1,75.1,74.9,75.0,39400
2026-05-19 10:39:00,74.9,74.9,74.9,74.9,2300
2026-05-19 10:40:00,74.9,75.0,74.9,75.0,6300
2026-05-19 10:41:00,75.0,75.0,74.9,75.0,5100
2026-05-19 10:42:00,74.9,75.0,74.9,75.0,29100
2026-05-19 10:43:00,75.0,75.1,74.9,75.1,15000
2026-05-19 10:44:00,75.0,75.1,74.9,75.0,17600
2026-05-19 10:45:00,75.0,75.1,75.0,75.0,13200
2026-05-19 10:46:00,75.1,75.1,75.0,75.1,13100
2026-05-19 10:47:00,75.0,75.2,75.0,75.0,20500
2026-05-19 10:48:00,75.1,75.1,75.0,75.1,5700
2026-05-19 10:49:00,75.1,75.1,75.0,75.1,17900
2026-05-19 10:50:00,75.1,75.1,75.0,75.1,7200
2026-05-19 10:51:00,75.1,75.2,75.0,75.1,31800
2026-05-19 10:52:00,75.1,75.2,75.1,75.1,13600
2026-05-19 10:53:00,75.1,75.2,75.1,75.1,4200
2026-05-19 10:54:00,75.1,75.2,75.1,75.1,14800
2026-05-19 10:55:00,75.2,75.2,75.0,75.0,74900
2026-05-19 10:56:00,75.1,75.2,75.1,75.1,11300
2026-05-19 10:57:00,75.1,75.1,75.0,75.1,8200
2026-05-19 10:58:00,75.1,75.1,75.0,75.1,7200
2026-05-19 10:59:00,75.1,75.1,75.0,75.1,24400
2026-05-19 11:00:00,75.1,75.1,75.0,75.1,19200
2026-05-19 11:01:00,75.1,75.1,75.0,75.1,11600
2026-05-19 11:02:00,75.1,75.1,75.0,75.0,13200
2026-05-19 11:03:00,75.1,75.1,75.1,75.1,40700
2026-05-19 11:04:00,75.1,75.2,75.1,75.2,3900
2026-05-19 11:05:00,75.2,75.2,75.1,75.1,3900
2026-05-19 11:06:00,75.1,75.2,75.1,75.1,16500
2026-05-19 11:07:00,75.1,75.2,75.1,75.2,8800
2026-05-19 11:08:00,75.2,75.2,75.1,75.1,5300
2026-05-19 11:09:00,75.1,75.2,75.1,75.1,8200
2026-05-19 11:10:00,75.1,75.1,75.1,75.1,9000
2026-05-19 11:11:00,75.2,75.2,75.1,75.1,4400
2026-05-19 11:12:00,75.1,75.2,75.0,75.0,32300
2026-05-19 11:13:00,75.0,75.1,75.0,75.1,10600
2026-05-19 11:14:00,75.1,75.1,75.0,75.1,7900
2026-05-19 11:15:00,75.1,75.1,75.0,75.0,1600
2026-05-19 11:16:00,75.0,75.0,75.0,75.0,400
2026-05-19 11:17:00,75.0,75.1,75.0,75.0,3400
2026-05-19 11:18:00,75.1,75.1,75.0,75.0,3900
2026-05-19 11:19:00,75.1,75.1,75.0,75.1,6600
2026-05-19 11:20:00,75.1,75.1,75.0,75.1,32500
2026-05-19 11:21:00,75.1,75.1,75.1,75.1,10900
2026-05-19 11:22:00,75.1,75.1,75.1,75.1,13200
2026-05-19 11:23:00,75.1,75.1,75.1,75.1,2800
2026-05-19 11:24:00,75.1,75.1,75.0,75.1,6900
2026-05-19 11:25:00,75.1,75.1,75.0,75.1,5200
2026-05-19 11:26:00,75.1,75.1,75.0,75.0,4700
2026-05-19 11:27:00,75.0,75.1,75.0,75.0,8100
2026-05-19 11:28:00,75.0,75.1,75.0,75.1,17300
2026-05-19 11:29:00,75.0,75.1,75.0,75.1,17700
2026-05-19 13:00:00,75.1,75.2,75.0,75.0,87900
2026-05-19 13:01:00,75.1,75.1,75.0,75.0,21200
2026-05-19 13:02:00,75.1,75.1,75.0,75.1,50500
2026-05-19 13:03:00,75.1,75.1,74.9,74.9,152400
2026-05-19 13:04:00,75.0,75.0,74.9,75.0,6000
2026-05-19 13:05:00,75.0,75.0,74.9,74.9,25600
2026-05-19 13:06:00,75.0,75.0,74.9,75.0,13900
2026-05-19 13:07:00,74.9,75.0,74.9,74.9,12600
2026-05-19 13:08:00,75.0,75.0,74.9,74.9,127500
2026-05-19 13:09:00,74.9,75.0,74.9,74.9,38700
2026-05-19 13:10:00,74.9,75.0,74.9,74.9,27900
2026-05-19 13:11:00,75.0,75.0,74.9,75.0,7300
2026-05-19 13:12:00,75.0,75.0,74.9,75.0,15800
2026-05-19 13:13:00,75.0,75.0,74.9,74.9,11800
2026-05-19 13:14:00,74.9,75.0,74.9,74.9,9600
2026-05-19 13:15:00,75.0,75.0,74.9,75.0,7700
2026-05-19 13:16:00,74.9,75.0,74.9,74.9,12500
2026-05-19 13:17:00,74.9,75.0,74.9,74.9,126000
2026-05-19 13:18:00,74.9,75.1,74.9,75.0,24900
2026-05-19 13:19:00,75.0,75.1,75.0,75.1,36400
2026-05-19 13:20:00,75.1,75.1,75.0,75.1,37500
2026-05-19 13:21:00,75.1,75.2,75.1,75.1,20800
2026-05-19 13:22:00,75.1,75.2,75.1,75.2,19400
2026-05-19 13:23:00,75.1,75.3,75.1,75.2,213700
2026-05-19 13:24:00,75.2,75.4,75.2,75.3,113600
2026-05-19 13:25:00,75.3,75.4,75.3,75.3,38600
2026-05-19 13:26:00,75.3,75.4,75.2,75.3,22300
2026-05-19 13:27:00,75.3,75.3,75.2,75.2,25500
2026-05-19 13:28:00,75.3,75.3,75.2,75.2,80900
2026-05-19 13:29:00,75.2,75.3,75.2,75.2,80100
2026-05-19 13:30:00,75.3,75.3,75.1,75.1,99200
2026-05-19 13:31:00,75.2,75.2,75.1,75.1,58300
2026-05-19 13:32:00,75.2,75.2,75.1,75.1,40300
2026-05-19 13:33:00,75.1,75.1,75.0,75.1,12200
2026-05-19 13:34:00,75.0,75.1,75.0,75.0,133900
2026-05-19 13:35:00,74.9,75.0,74.8,74.8,97100
2026-05-19 13:36:00,74.8,74.9,74.7,74.7,171900
2026-05-19 13:37:00,74.7,74.7,74.6,74.6,235300
2026-05-19 13:38:00,74.6,74.7,74.5,74.6,182800
2026-05-19 13:39:00,74.6,74.9,74.6,74.8,154200
2026-05-19 13:40:00,74.9,74.9,74.8,74.9,60400
2026-05-19 13:41:00,74.9,75.1,74.9,75.1,93200
2026-05-19 13:42:00,75.1,75.1,75.0,75.1,78100
2026-05-19 13:43:00,75.1,75.2,75.1,75.2,23200
2026-05-19 13:44:00,75.2,75.2,75.1,75.2,18900
2026-05-19 13:45:00,75.2,75.2,75.1,75.1,15300
2026-05-19 13:46:00,75.1,75.2,75.1,75.2,35400
2026-05-19 13:47:00,75.2,75.2,75.1,75.1,17000
2026-05-19 13:48:00,75.1,75.2,75.0,75.1,192400
2026-05-19 13:49:00,75.0,75.1,74.9,75.0,27800
2026-05-19 13:50:00,74.9,75.0,74.8,74.9,101900
2026-05-19 13:51:00,74.9,75.0,74.8,74.9,67200
2026-05-19 13:52:00,74.9,75.0,74.9,75.0,52100
2026-05-19 13:53:00,75.0,75.1,74.9,75.1,106400
2026-05-19 13:54:00,75.1,75.1,74.9,75.0,125500
2026-05-19 13:55:00,74.9,75.1,74.9,75.0,42400
2026-05-19 13:56:00,75.0,75.0,74.9,75.0,60500
2026-05-19 13:57:00,75.0,75.0,74.9,75.0,15300
2026-05-19 13:58:00,74.9,75.0,74.9,75.0,19800
2026-05-19 13:59:00,75.0,75.0,74.9,74.9,138600
2026-05-19 14:00:00,75.0,75.0,74.9,74.9,55700
2026-05-19 14:01:00,74.9,74.9,74.8,74.8,11800
2026-05-19 14:02:00,74.8,74.9,74.8,74.9,44600
2026-05-19 14:03:00,74.9,74.9,74.8,74.9,13700
2026-05-19 14:04:00,74.9,74.9,74.8,74.8,17400
2026-05-19 14:05:00,74.8,74.9,74.8,74.8,16300
2026-05-19 14:06:00,74.8,74.9,74.8,74.8,18300
2026-05-19 14:07:00,74.8,74.9,74.8,74.8,11900
2026-05-19 14:08:00,74.9,74.9,74.8,74.9,16200
2026-05-19 14:09:00,74.9,75.0,74.8,75.0,40400
2026-05-19 14:10:00,75.0,75.0,74.9,75.0,24200
2026-05-19 14:11:00,75.0,75.0,74.8,74.9,41200
2026-05-19 14:12:00,74.8,74.9,74.8,74.8,2300
2026-05-19 14:13:00,74.8,74.9,74.8,74.9,64400
2026-05-19 14:14:00,74.9,74.9,74.8,74.9,27700
2026-05-19 14:15:00,74.9,74.9,74.8,74.9,37900
2026-05-19 14:16:00,74.9,74.9,74.8,74.8,16800
2026-05-19 14:17:00,74.8,74.8,74.7,74.7,119900
2026-05-19 14:18:00,74.7,74.8,74.7,74.8,16800
2026-05-19 14:19:00,74.7,74.8,74.7,74.8,62800
2026-05-19 14:20:00,74.8,74.8,74.6,74.6,46600
2026-05-19 14:21:00,74.7,74.7,74.6,74.6,39400
2026-05-19 14:22:00,74.7,74.7,74.5,74.5,95400
2026-05-19 14:23:00,74.5,74.6,74.5,74.5,52700
2026-05-19 14:24:00,74.5,74.6,74.4,74.5,37500
2026-05-19 14:25:00,74.6,74.6,74.5,74.6,31400
2026-05-19 14:26:00,74.5,74.6,74.5,74.6,11000
2026-05-19 14:27:00,74.6,74.7,74.5,74.7,39700
2026-05-19 14:28:00,74.7,74.7,74.6,74.7,17300
2026-05-19 14:29:00,74.7,74.7,74.6,74.6,31000
2026-05-19 14:45:00,74.5,74.5,74.5,74.5,279600
2026-05-20 09:15:00,74.8,74.9,74.8,74.8,59600
2026-05-20 09:16:00,74.9,75.1,74.7,74.9,203600
2026-05-20 09:17:00,75.0,75.0,74.9,75.0,13900
2026-05-20 09:18:00,75.0,75.0,74.9,74.9,43800
2026-05-20 09:19:00,74.9,75.0,74.8,74.9,20800
2026-05-20 09:20:00,74.9,75.0,74.8,75.0,66700
2026-05-20 09:21:00,75.0,75.2,75.0,75.2,189700
2026-05-20 09:22:00,75.2,75.3,75.1,75.3,107900
2026-05-20 09:23:00,75.3,75.7,75.3,75.7,262400
2026-05-20 09:24:00,75.7,76.0,75.6,75.9,304100
2026-05-20 09:25:00,75.9,76.3,75.9,76.1,514300
2026-05-20 09:26:00,76.2,76.3,76.0,76.0,313000
2026-05-20 09:27:00,76.0,76.0,75.7,75.8,121600
2026-05-20 09:28:00,75.7,76.0,75.7,75.9,185100
2026-05-20 09:29:00,75.9,75.9,75.6,75.7,141600
2026-05-20 09:30:00,75.7,75.8,75.6,75.7,125400
2026-05-20 09:31:00,75.6,75.7,75.5,75.5,32200
2026-05-20 09:32:00,75.5,75.6,75.4,75.4,57300
2026-05-20 09:33:00,75.4,75.4,75.3,75.3,40200
2026-05-20 09:34:00,75.4,75.5,75.4,75.5,35100
2026-05-20 09:35:00,75.5,75.5,75.4,75.5,36100
2026-05-20 09:36:00,75.5,75.5,75.4,75.4,21000
2026-05-20 09:37:00,75.5,75.5,75.4,75.4,38300
2026-05-20 09:38:00,75.5,75.5,75.4,75.4,28400
2026-05-20 09:39:00,75.5,75.5,75.4,75.5,13900
2026-05-20 09:40:00,75.5,75.5,75.4,75.4,14300
2026-05-20 09:41:00,75.4,75.5,75.4,75.4,18800
2026-05-20 09:42:00,75.4,75.5,75.3,75.4,47000
2026-05-20 09:43:00,75.3,75.4,75.3,75.3,14400
2026-05-20 09:44:00,75.4,75.4,75.2,75.3,56800
2026-05-20 09:45:00,75.2,75.3,75.2,75.3,10500
2026-05-20 09:46:00,75.3,75.3,75.2,75.2,31600
2026-05-20 09:47:00,75.2,75.4,75.2,75.3,63200
2026-05-20 09:48:00,75.3,75.4,75.3,75.3,15100
2026-05-20 09:49:00,75.3,75.3,75.2,75.3,4800
2026-05-20 09:50:00,75.3,75.3,75.2,75.3,26300
2026-05-20 09:51:00,75.3,75.3,75.2,75.3,1200
2026-05-20 09:52:00,75.3,75.3,75.2,75.2,49200
2026-05-20 09:53:00,75.2,75.3,75.1,75.2,15000
2026-05-20 09:54:00,75.2,75.2,75.1,75.2,1300
2026-05-20 09:55:00,75.1,75.2,75.1,75.1,9200
2026-05-20 09:56:00,75.1,75.2,75.1,75.1,38800
2026-05-20 09:57:00,75.1,75.2,75.0,75.0,12000
2026-05-20 09:58:00,75.0,75.1,75.0,75.0,8500
2026-05-20 09:59:00,75.0,75.1,75.0,75.1,11200
2026-05-20 10:00:00,75.1,75.1,75.0,75.0,124500
2026-05-20 10:01:00,75.0,75.1,75.0,75.0,39900
2026-05-20 10:02:00,75.0,75.0,74.9,74.9,16600
2026-05-20 10:03:00,74.9,75.0,74.8,74.8,26900
2026-05-20 10:04:00,74.8,74.9,74.8,74.8,15700
2026-05-20 10:05:00,74.8,74.9,74.8,74.8,28400
2026-05-20 10:06:00,74.8,74.9,74.8,74.9,14100
2026-05-20 10:07:00,74.9,74.9,74.8,74.9,2600
2026-05-20 10:08:00,74.9,74.9,74.8,74.9,7600
2026-05-20 10:09:00,74.9,75.0,74.9,74.9,37900
2026-05-20 10:10:00,74.9,75.0,74.9,75.0,2500
2026-05-20 10:11:00,75.0,75.0,74.9,74.9,3800
2026-05-20 10:12:00,74.9,75.0,74.9,75.0,11100
2026-05-20 10:13:00,75.0,75.0,74.9,75.0,8300
2026-05-20 10:14:00,74.9,75.0,74.9,74.9,4000
2026-05-20 10:15:00,75.0,75.0,75.0,75.0,3800
2026-05-20 10:16:00,75.0,75.0,74.9,75.0,12400
2026-05-20 10:17:00,75.0,75.1,75.0,75.1,75600
2026-05-20 10:18:00,75.1,75.1,75.0,75.1,16100
2026-05-20 10:19:00,75.1,75.1,75.0,75.1,5400
2026-05-20 10:20:00,75.1,75.1,75.0,75.1,12500
2026-05-20 10:21:00,75.1,75.1,75.0,75.0,16500
2026-05-20 10:22:00,75.1,75.2,75.0,75.1,24100
2026-05-20 10:23:00,75.1,75.1,75.0,75.1,3600
2026-05-20 10:24:00,75.1,75.1,75.0,75.0,6000
2026-05-20 10:25:00,75.0,75.1,75.0,75.1,6400
2026-05-20 10:26:00,75.0,75.1,75.0,75.1,14100
2026-05-20 10:27:00,75.1,75.1,75.0,75.1,3400
2026-05-20 10:28:00,75.1,75.1,75.0,75.1,5000
2026-05-20 10:29:00,75.1,75.1,75.0,75.0,11200
2026-05-20 10:30:00,75.1,75.1,75.0,75.1,4800
2026-05-20 10:31:00,75.1,75.1,75.0,75.1,12800
2026-05-20 10:32:00,75.1,75.1,75.0,75.1,3800
2026-05-20 10:33:00,75.1,75.1,75.0,75.1,18000
2026-05-20 10:34:00,75.1,75.1,75.0,75.1,7600
2026-05-20 10:35:00,75.0,75.1,75.0,75.1,10200
2026-05-20 10:36:00,75.1,75.1,75.0,75.1,7100
2026-05-20 10:37:00,75.1,75.1,75.0,75.0,3800
2026-05-20 10:38:00,75.0,75.1,75.0,75.1,10700
2026-05-20 10:39:00,75.1,75.1,75.0,75.1,10900
2026-05-20 10:40:00,75.1,75.1,75.0,75.1,6700
2026-05-20 10:41:00,75.0,75.1,75.0,75.0,56700
2026-05-20 10:42:00,75.0,75.1,74.9,74.9,60700
2026-05-20 10:43:00,74.9,75.0,74.9,74.9,24900
2026-05-20 10:44:00,74.9,75.0,74.9,74.9,45800
2026-05-20 10:45:00,74.9,74.9,74.8,74.9,11200
2026-05-20 10:46:00,74.8,74.9,74.8,74.8,47100
2026-05-20 10:47:00,74.9,74.9,74.8,74.9,5700
2026-05-20 10:48:00,74.8,74.9,74.8,74.8,14900
2026-05-20 10:49:00,74.9,74.9,74.8,74.8,5600
2026-05-20 10:50:00,74.8,74.9,74.8,74.8,9200
2026-05-20 10:51:00,74.9,74.9,74.8,74.8,9400
2026-05-20 10:52:00,74.8,74.9,74.8,74.9,15000
2026-05-20 10:53:00,74.8,74.9,74.8,74.8,15700
2026-05-20 10:54:00,74.8,74.9,74.8,74.8,12500
2026-05-20 10:55:00,74.8,74.9,74.8,74.8,18800
2026-05-20 10:56:00,74.8,74.9,74.8,74.8,7200
2026-05-20 10:57:00,74.8,74.9,74.8,74.9,27800
2026-05-20 10:58:00,74.8,74.9,74.8,74.8,27100
2026-05-20 10:59:00,74.9,74.9,74.8,74.8,25100
2026-05-20 11:00:00,74.8,75.0,74.8,75.0,74100
2026-05-20 11:01:00,75.0,75.0,74.8,74.9,74100
2026-05-20 11:02:00,74.9,74.9,74.8,74.8,5300
2026-05-20 11:03:00,74.8,74.8,74.8,74.8,4400
2026-05-20 11:04:00,74.8,74.9,74.8,74.8,21100
2026-05-20 11:05:00,74.8,74.9,74.8,74.9,60300
2026-05-20 11:06:00,74.8,74.8,74.7,74.7,6200
2026-05-20 11:07:00,74.7,74.8,74.7,74.7,23700
2026-05-20 11:08:00,74.8,74.8,74.7,74.7,42900
2026-05-20 11:09:00,74.7,74.8,74.7,74.7,28800
2026-05-20 11:10:00,74.8,74.8,74.7,74.7,56700
2026-05-20 11:11:00,74.7,74.8,74.6,74.7,30000
2026-05-20 11:12:00,74.6,74.7,74.6,74.7,36900
2026-05-20 11:13:00,74.6,74.7,74.6,74.6,35100
2026-05-20 11:14:00,74.6,74.7,74.6,74.6,30100
2026-05-20 11:15:00,74.6,74.7,74.6,74.7,35300
2026-05-20 11:16:00,74.6,74.7,74.6,74.6,38900
2026-05-20 11:17:00,74.6,74.6,74.5,74.5,22400
2026-05-20 11:18:00,74.6,74.6,74.5,74.6,11700
2026-05-20 11:19:00,74.6,74.6,74.5,74.5,19800
2026-05-20 11:20:00,74.6,74.6,74.5,74.6,12700
2026-05-20 11:21:00,74.5,74.6,74.5,74.6,40700
2026-05-20 11:22:00,74.6,74.6,74.5,74.5,47800
2026-05-20 11:23:00,74.6,74.6,74.5,74.5,61200
2026-05-20 11:24:00,74.5,74.6,74.5,74.6,47900
2026-05-20 11:25:00,74.6,74.6,74.5,74.5,73300
2026-05-20 11:26:00,74.5,74.6,74.5,74.5,32300
2026-05-20 11:27:00,74.5,74.5,74.4,74.5,46900
2026-05-20 11:28:00,74.4,74.5,74.3,74.3,91700
2026-05-20 11:29:00,74.3,74.5,74.2,74.2,124900
2026-05-20 13:00:00,74.2,74.3,73.9,74.0,367700
2026-05-20 13:01:00,74.0,74.0,73.6,73.9,153100
2026-05-20 13:02:00,73.9,73.9,73.4,73.4,248300
2026-05-20 13:03:00,73.4,73.5,72.8,73.1,450900
2026-05-20 13:04:00,73.0,73.7,73.0,73.6,210400
2026-05-20 13:05:00,73.6,74.0,73.5,73.8,249300
2026-05-20 13:06:00,73.9,74.0,73.8,73.8,117900
2026-05-20 13:07:00,73.8,73.9,73.6,73.7,98400
2026-05-20 13:08:00,73.8,73.9,73.7,73.8,79800
2026-05-20 13:09:00,73.9,74.0,73.8,73.9,227500
2026-05-20 13:10:00,73.9,74.1,73.9,74.0,77200
2026-05-20 13:11:00,73.9,74.0,73.8,73.9,94400
2026-05-20 13:12:00,73.8,73.9,73.8,73.8,132900
2026-05-20 13:13:00,73.8,73.9,73.8,73.8,109700
2026-05-20 13:14:00,73.9,73.9,73.8,73.8,24600
2026-05-20 13:15:00,73.8,73.9,73.8,73.9,25800
2026-05-20 13:16:00,73.9,74.0,73.8,73.9,114900
2026-05-20 13:17:00,73.9,73.9,73.8,73.9,72000
2026-05-20 13:18:00,73.9,73.9,73.8,73.9,62500
2026-05-20 13:19:00,73.9,74.0,73.8,73.9,74300
2026-05-20 13:20:00,74.0,74.1,74.0,74.0,147800
2026-05-20 13:21:00,74.1,74.1,73.9,74.0,138800
2026-05-20 13:22:00,74.0,74.1,73.9,74.0,72200
2026-05-20 13:23:00,74.0,74.1,73.9,74.0,38300
2026-05-20 13:24:00,73.9,74.1,73.9,74.0,51700
2026-05-20 13:25:00,74.0,74.1,73.9,74.0,49600
2026-05-20 13:26:00,74.0,74.0,73.8,73.9,84400
2026-05-20 13:27:00,73.9,73.9,73.7,73.8,102700
2026-05-20 13:28:00,73.8,73.8,73.7,73.8,26800
2026-05-20 13:29:00,73.7,73.8,73.7,73.8,46500
2026-05-20 13:30:00,73.8,74.0,73.8,74.0,75400
2026-05-20 13:31:00,73.9,74.0,73.9,73.9,15800
2026-05-20 13:32:00,73.9,74.0,73.9,73.9,113700
2026-05-20 13:33:00,74.0,74.2,74.0,74.2,102100
2026-05-20 13:34:00,74.2,74.2,74.1,74.2,50000
2026-05-20 13:35:00,74.2,74.2,74.2,74.2,12000
2026-05-20 13:36:00,74.1,74.3,74.1,74.3,90400
2026-05-20 13:37:00,74.3,74.4,74.2,74.4,36400
2026-05-20 13:38:00,74.3,74.5,74.3,74.5,55200
2026-05-20 13:39:00,74.5,74.6,74.5,74.5,136800
2026-05-20 13:40:00,74.5,74.5,74.2,74.3,83800
2026-05-20 13:41:00,74.3,74.4,74.2,74.4,26300
2026-05-20 13:42:00,74.3,74.5,74.3,74.5,28900
2026-05-20 13:43:00,74.5,74.5,74.3,74.4,26500
2026-05-20 13:44:00,74.4,74.4,74.2,74.2,110000
2026-05-20 13:45:00,74.2,74.3,74.2,74.3,49400
2026-05-20 13:46:00,74.3,74.3,74.2,74.2,20300
2026-05-20 13:47:00,74.3,74.3,74.2,74.3,22100
2026-05-20 13:48:00,74.2,74.4,74.2,74.3,68000
2026-05-20 13:49:00,74.3,74.4,74.3,74.4,13800
2026-05-20 13:50:00,74.4,74.5,74.4,74.5,104500
2026-05-20 13:51:00,74.4,74.5,74.4,74.4,12500
2026-05-20 13:52:00,74.5,74.6,74.4,74.5,113600
2026-05-20 13:53:00,74.5,74.8,74.5,74.8,101700
2026-05-20 13:54:00,74.7,74.8,74.5,74.5,37200
2026-05-20 13:55:00,74.6,74.6,74.5,74.6,48200
2026-05-20 13:56:00,74.7,74.9,74.6,74.9,100300
2026-05-20 13:57:00,74.9,75.1,74.9,75.0,426700
2026-05-20 13:58:00,75.1,75.6,75.0,75.5,506500
2026-05-20 13:59:00,75.5,75.9,75.5,75.9,398100
2026-05-20 14:00:00,75.9,76.0,75.8,76.0,670000
2026-05-20 14:01:00,76.0,76.1,75.5,75.7,226700
2026-05-20 14:02:00,75.5,75.7,75.4,75.5,212600
2026-05-20 14:03:00,75.7,75.8,75.6,75.8,98900
2026-05-20 14:04:00,75.7,75.8,75.7,75.8,167100
2026-05-20 14:05:00,75.8,75.8,75.7,75.7,119900
2026-05-20 14:06:00,75.7,75.8,75.6,75.7,83900
2026-05-20 14:07:00,75.6,75.7,75.6,75.6,72800
2026-05-20 14:08:00,75.6,75.7,75.5,75.6,55000
2026-05-20 14:09:00,75.6,75.6,75.5,75.6,22300
2026-05-20 14:10:00,75.5,75.6,75.4,75.6,175400
2026-05-20 14:11:00,75.5,75.8,75.5,75.7,381200
2026-05-20 14:12:00,75.7,75.9,75.7,75.9,113700
2026-05-20 14:13:00,75.8,76.2,75.8,76.0,883200
2026-05-20 14:14:00,76.0,76.3,76.0,76.3,454700
2026-05-20 14:15:00,76.2,76.4,76.2,76.4,590100
2026-05-20 14:16:00,76.4,76.7,76.4,76.6,886300
2026-05-20 14:17:00,76.7,77.0,76.6,77.0,574000
2026-05-20 14:18:00,77.0,77.5,77.0,77.4,1008400
2026-05-20 14:19:00,77.4,77.5,77.2,77.4,441900
2026-05-20 14:20:00,77.3,77.3,76.9,77.1,421900
2026-05-20 14:21:00,77.0,77.3,76.9,77.3,459400
2026-05-20 14:22:00,77.3,77.9,77.2,77.8,1364500
2026-05-20 14:23:00,77.7,78.0,77.7,78.0,1075200
2026-05-20 14:24:00,78.1,78.5,78.0,78.2,498500
2026-05-20 14:25:00,78.2,78.5,78.1,78.2,339600
2026-05-20 14:26:00,78.3,78.3,78.0,78.1,232700
2026-05-20 14:27:00,78.1,78.2,77.8,78.0,356500
2026-05-20 14:28:00,78.0,78.0,77.7,77.7,288700
2026-05-20 14:29:00,77.8,77.9,77.7,77.7,216600
2026-05-20 14:45:00,77.7,77.7,77.7,77.7,989100
2026-05-21 09:15:00,77.7,77.7,76.9,77.0,402400
2026-05-21 09:16:00,77.0,77.0,76.5,76.9,121800
2026-05-21 09:17:00,76.9,77.0,76.6,76.6,230100
2026-05-21 09:18:00,76.6,76.7,76.5,76.5,154800
2026-05-21 09:19:00,76.5,76.6,76.3,76.3,96300
2026-05-21 09:20:00,76.3,76.4,76.2,76.3,96100
2026-05-21 09:21:00,76.3,76.7,76.3,76.6,171200
2026-05-21 09:22:00,76.6,76.8,76.6,76.7,128400
2026-05-21 09:23:00,76.7,76.7,76.5,76.6,86100
2026-05-21 09:24:00,76.5,76.6,76.4,76.5,88800
2026-05-21 09:25:00,76.5,76.5,76.4,76.5,68500
2026-05-21 09:26:00,76.5,76.5,76.4,76.4,55200
2026-05-21 09:27:00,76.5,76.5,76.3,76.4,67700
2026-05-21 09:28:00,76.4,76.4,76.2,76.3,106800
2026-05-21 09:29:00,76.3,76.4,76.3,76.3,53400
2026-05-21 09:30:00,76.3,76.3,76.2,76.3,38500
2026-05-21 09:31:00,76.3,76.3,76.2,76.3,63000
2026-05-21 09:32:00,76.3,76.3,76.2,76.3,55500
2026-05-21 09:33:00,76.3,76.3,76.2,76.3,16800
2026-05-21 09:34:00,76.3,76.4,76.2,76.4,54300
2026-05-21 09:35:00,76.4,76.4,76.3,76.4,47900
2026-05-21 09:36:00,76.4,76.5,76.4,76.5,33500
2026-05-21 09:37:00,76.5,76.5,76.3,76.4,72200
2026-05-21 09:38:00,76.5,76.5,76.3,76.4,69500
2026-05-21 09:39:00,76.4,76.5,76.2,76.2,154000
2026-05-21 09:40:00,76.2,76.4,76.2,76.3,83900
2026-05-21 09:41:00,76.4,76.4,76.2,76.3,49100
2026-05-21 09:42:00,76.3,76.4,76.2,76.3,54500
2026-05-21 09:43:00,76.3,76.3,76.1,76.1,95000
2026-05-21 09:44:00,76.2,76.2,76.0,76.0,155100
2026-05-21 09:45:00,76.0,76.1,75.9,76.0,299200
2026-05-21 09:46:00,75.9,76.0,75.7,75.8,141400
2026-05-21 09:47:00,75.8,76.0,75.8,76.0,126800
2026-05-21 09:48:00,76.0,76.1,75.9,76.0,79800
2026-05-21 09:49:00,76.0,76.1,76.0,76.1,61400
2026-05-21 09:50:00,76.0,76.1,76.0,76.1,10800
2026-05-21 09:51:00,76.1,76.1,76.0,76.1,39300
2026-05-21 09:52:00,76.1,76.2,76.0,76.2,74500
2026-05-21 09:53:00,76.1,76.2,76.1,76.1,42800
2026-05-21 09:54:00,76.1,76.2,76.1,76.2,17000
2026-05-21 09:55:00,76.2,76.2,76.1,76.2,9400
2026-05-21 09:56:00,76.2,76.2,76.1,76.1,2300
2026-05-21 09:57:00,76.1,76.2,76.1,76.1,4100
2026-05-21 09:58:00,76.1,76.2,76.1,76.2,3100
2026-05-21 09:59:00,76.2,76.2,76.1,76.2,40800
2026-05-21 10:00:00,76.2,76.3,76.1,76.2,103400
2026-05-21 10:01:00,76.3,76.3,76.2,76.3,10700
2026-05-21 10:02:00,76.3,76.3,76.3,76.3,93000
2026-05-21 10:03:00,76.3,76.5,76.3,76.5,121900
2026-05-21 10:04:00,76.4,76.5,76.4,76.4,165500
2026-05-21 10:05:00,76.4,76.5,76.4,76.5,12500
2026-05-21 10:06:00,76.5,76.5,76.4,76.4,23700
2026-05-21 10:07:00,76.4,76.5,76.4,76.4,23000
2026-05-21 10:08:00,76.4,76.5,76.3,76.4,25100
2026-05-21 10:09:00,76.4,76.4,76.4,76.4,6400
2026-05-21 10:10:00,76.4,76.4,76.3,76.4,7900
2026-05-21 10:11:00,76.4,76.4,76.3,76.3,21400
2026-05-21 10:12:00,76.3,76.4,76.3,76.4,7900
2026-05-21 10:13:00,76.4,76.4,76.3,76.4,37400
2026-05-21 10:14:00,76.4,76.5,76.3,76.4,16700
2026-05-21 10:15:00,76.4,76.4,76.4,76.4,15700
2026-05-21 10:16:00,76.4,76.5,76.4,76.4,47000
2026-05-21 10:17:00,76.5,76.5,76.3,76.3,4200
2026-05-21 10:18:00,76.4,76.4,76.3,76.4,7400
2026-05-21 10:19:00,76.4,76.4,76.2,76.3,47600
2026-05-21 10:20:00,76.3,76.3,76.3,76.3,4100
2026-05-21 10:21:00,76.3,76.3,76.2,76.3,15300
2026-05-21 10:22:00,76.3,76.3,76.2,76.2,18700
2026-05-21 10:23:00,76.3,76.3,76.2,76.2,14700
2026-05-21 10:24:00,76.2,76.3,76.2,76.2,7600
2026-05-21 10:25:00,76.3,76.3,76.2,76.3,2800
2026-05-21 10:26:00,76.2,76.3,76.2,76.3,23100
2026-05-21 10:27:00,76.3,76.3,76.2,76.3,17500
2026-05-21 10:28:00,76.3,76.3,76.2,76.3,16400
2026-05-21 10:29:00,76.3,76.3,76.3,76.3,6900
2026-05-21 10:30:00,76.3,76.3,76.3,76.3,36100
2026-05-21 10:31:00,76.3,76.3,76.3,76.3,5600
2026-05-21 10:32:00,76.3,76.4,76.3,76.3,10700
2026-05-21 10:33:00,76.3,76.4,76.2,76.3,17900
2026-05-21 10:34:00,76.3,76.4,76.3,76.4,26700
2026-05-21 10:35:00,76.4,76.4,76.3,76.3,10100
2026-05-21 10:36:00,76.3,76.3,76.3,76.3,2100
2026-05-21 10:37:00,76.3,76.4,76.3,76.4,24200
2026-05-21 10:38:00,76.4,76.4,76.4,76.4,3900
2026-05-21 10:39:00,76.4,76.4,76.4,76.4,25400
2026-05-21 10:40:00,76.4,76.4,76.3,76.4,11900
2026-05-21 10:41:00,76.4,76.4,76.3,76.4,28200
2026-05-21 10:42:00,76.4,76.4,76.3,76.4,22600
2026-05-21 10:43:00,76.4,76.4,76.3,76.4,22700
2026-05-21 10:44:00,76.4,76.4,76.3,76.3,14200
2026-05-21 10:45:00,76.4,76.4,76.3,76.4,11300
2026-05-21 10:46:00,76.4,76.4,76.4,76.4,9600
2026-05-21 10:47:00,76.4,76.4,76.4,76.4,9600
2026-05-21 10:48:00,76.4,76.5,76.4,76.4,6600
2026-05-21 10:49:00,76.4,76.5,76.4,76.5,9100
2026-05-21 10:50:00,76.5,76.5,76.4,76.5,5100
2026-05-21 10:51:00,76.5,76.5,76.4,76.4,6600
2026-05-21 10:52:00,76.4,76.5,76.4,76.4,22900
2026-05-21 10:53:00,76.4,76.4,76.4,76.4,8700
2026-05-21 10:54:00,76.4,76.5,76.3,76.3,86600
2026-05-21 10:55:00,76.3,76.3,76.1,76.2,42700
2026-05-21 10:56:00,76.2,76.2,76.1,76.2,8500
2026-05-21 10:57:00,76.2,76.2,76.1,76.2,41500
2026-05-21 10:58:00,76.1,76.2,76.1,76.2,20000
2026-05-21 10:59:00,76.2,76.2,76.1,76.2,45800
2026-05-21 11:00:00,76.2,76.3,76.2,76.2,5600
2026-05-21 11:01:00,76.2,76.3,76.2,76.2,11600
2026-05-21 11:02:00,76.2,76.3,76.2,76.3,35500
2026-05-21 11:03:00,76.3,76.3,76.3,76.3,11200
2026-05-21 11:04:00,76.3,76.4,76.2,76.3,35900
2026-05-21 11:05:00,76.3,76.4,76.3,76.4,5900
2026-05-21 11:06:00,76.4,76.4,76.3,76.3,23700
2026-05-21 11:07:00,76.3,76.4,76.3,76.4,3100
2026-05-21 11:08:00,76.4,76.4,76.3,76.3,18400
2026-05-21 11:09:00,76.3,76.4,76.3,76.3,4800
2026-05-21 11:10:00,76.4,76.4,76.3,76.3,13600
2026-05-21 11:11:00,76.4,76.4,76.4,76.4,2700
2026-05-21 11:12:00,76.3,76.4,76.3,76.3,9100
2026-05-21 11:13:00,76.4,76.4,76.3,76.4,23800
2026-05-21 11:14:00,76.3,76.4,76.3,76.4,2400
2026-05-21 11:15:00,76.4,76.4,76.3,76.4,11600
2026-05-21 11:16:00,76.4,76.4,76.3,76.4,19900
2026-05-21 11:17:00,76.3,76.4,76.3,76.4,6400
2026-05-21 11:18:00,76.3,76.4,76.3,76.4,70300
2026-05-21 11:19:00,76.4,76.5,76.4,76.4,3300
2026-05-21 11:20:00,76.4,76.5,76.4,76.5,15000
2026-05-21 11:21:00,76.5,76.5,76.4,76.4,27900
2026-05-21 11:22:00,76.4,76.4,76.4,76.4,14800
2026-05-21 11:23:00,76.4,76.4,76.4,76.4,4900
2026-05-21 11:24:00,76.4,76.4,76.4,76.4,8400
2026-05-21 11:25:00,76.4,76.5,76.4,76.4,15800
2026-05-21 11:26:00,76.4,76.5,76.4,76.4,5000
2026-05-21 11:27:00,76.4,76.5,76.4,76.4,10800
2026-05-21 11:28:00,76.4,76.5,76.4,76.5,7700
2026-05-21 11:29:00,76.5,76.5,76.4,76.5,8600
2026-05-21 13:00:00,76.5,76.5,76.3,76.3,84900
2026-05-21 13:01:00,76.4,76.4,76.3,76.3,15300
2026-05-21 13:02:00,76.3,76.4,76.3,76.3,18500
2026-05-21 13:03:00,76.3,76.4,76.3,76.4,21300
2026-05-21 13:04:00,76.4,76.4,76.3,76.4,16000
2026-05-21 13:05:00,76.3,76.4,76.3,76.3,17700
2026-05-21 13:06:00,76.4,76.4,76.3,76.4,7200
2026-05-21 13:07:00,76.4,76.4,76.3,76.4,7500
2026-05-21 13:08:00,76.3,76.4,76.3,76.3,13000
2026-05-21 13:09:00,76.3,76.4,76.3,76.4,5500
2026-05-21 13:10:00,76.4,76.4,76.3,76.4,17500
2026-05-21 13:11:00,76.3,76.4,76.2,76.3,43400
2026-05-21 13:12:00,76.3,76.4,76.3,76.3,11000
2026-05-21 13:13:00,76.4,76.4,76.3,76.4,8700
2026-05-21 13:14:00,76.3,76.4,76.3,76.3,9500
2026-05-21 13:15:00,76.4,76.4,76.3,76.4,27400
2026-05-21 13:16:00,76.4,76.5,76.4,76.5,39200
2026-05-21 13:17:00,76.5,76.5,76.4,76.5,14000
2026-05-21 13:18:00,76.5,76.6,76.5,76.6,16100
2026-05-21 13:19:00,76.6,76.7,76.5,76.7,84000
2026-05-21 13:20:00,76.7,76.8,76.6,76.7,37100
2026-05-21 13:21:00,76.7,76.7,76.6,76.7,18100
2026-05-21 13:22:00,76.7,76.8,76.6,76.7,28100
2026-05-21 13:23:00,76.7,76.8,76.6,76.6,27000
2026-05-21 13:24:00,76.8,76.8,76.6,76.6,40400
2026-05-21 13:25:00,76.6,76.6,76.5,76.6,87100
2026-05-21 13:26:00,76.6,76.7,76.6,76.7,20200
2026-05-21 13:27:00,76.7,76.7,76.6,76.7,31000
2026-05-21 13:28:00,76.6,76.7,76.5,76.5,83500
2026-05-21 13:29:00,76.6,76.6,76.4,76.4,56000
2026-05-21 13:30:00,76.4,76.6,76.4,76.6,17400
2026-05-21 13:31:00,76.6,76.7,76.5,76.7,20800
2026-05-21 13:32:00,76.7,76.7,76.7,76.7,20800
2026-05-21 13:33:00,76.8,76.8,76.7,76.7,30600
2026-05-21 13:34:00,76.7,77.0,76.6,77.0,106400
2026-05-21 13:35:00,77.0,77.5,76.9,77.4,212100
2026-05-21 13:36:00,77.4,77.4,77.3,77.4,128800
2026-05-21 13:37:00,77.4,77.4,77.1,77.3,140500
2026-05-21 13:38:00,77.4,77.4,77.2,77.3,41000
2026-05-21 13:39:00,77.4,77.4,77.2,77.3,82300
2026-05-21 13:40:00,77.3,77.3,77.2,77.2,40700
2026-05-21 13:41:00,77.2,77.4,77.2,77.4,85300
2026-05-21 13:42:00,77.3,77.4,77.3,77.3,46000
2026-05-21 13:43:00,77.4,77.5,77.3,77.4,102500
2026-05-21 13:44:00,77.5,77.6,77.4,77.5,163300
2026-05-21 13:45:00,77.6,77.7,77.5,77.7,86700
2026-05-21 13:46:00,77.6,77.8,77.4,77.8,261700
2026-05-21 13:47:00,77.8,77.8,77.5,77.6,76600
2026-05-21 13:48:00,77.6,77.6,77.2,77.3,51200
2026-05-21 13:49:00,77.3,77.3,77.2,77.3,30500
2026-05-21 13:50:00,77.3,77.4,77.3,77.4,62100
2026-05-21 13:51:00,77.5,77.6,77.4,77.5,46100
2026-05-21 13:52:00,77.5,77.6,77.4,77.5,76400
2026-05-21 13:53:00,77.5,77.6,77.4,77.6,49200
2026-05-21 13:54:00,77.5,77.6,77.5,77.5,50900
2026-05-21 13:55:00,77.6,77.7,77.5,77.7,81000
2026-05-21 13:56:00,77.7,77.8,77.6,77.8,209700
2026-05-21 13:57:00,77.7,77.8,77.7,77.8,96800
2026-05-21 13:58:00,77.8,77.9,77.7,77.8,127300
2026-05-21 13:59:00,77.8,77.8,77.6,77.7,146100
2026-05-21 14:00:00,77.6,77.7,77.4,77.5,72600
2026-05-21 14:01:00,77.4,77.6,77.4,77.6,36300
2026-05-21 14:02:00,77.5,77.5,77.3,77.4,43600
2026-05-21 14:03:00,77.3,77.4,77.2,77.2,21500
2026-05-21 14:04:00,77.3,77.3,77.1,77.1,34200
2026-05-21 14:05:00,77.1,77.2,76.7,76.8,113300
2026-05-21 14:06:00,76.8,77.0,76.8,77.0,40500
2026-05-21 14:07:00,76.8,77.0,76.8,77.0,27500
2026-05-21 14:08:00,77.1,77.2,77.0,77.1,33000
2026-05-21 14:09:00,77.1,77.2,77.0,77.1,36800
2026-05-21 14:10:00,77.0,77.2,77.0,77.1,35600
2026-05-21 14:11:00,77.1,77.3,77.0,77.2,35000
2026-05-21 14:12:00,77.2,77.3,77.0,77.1,35600
2026-05-21 14:13:00,77.0,77.2,77.0,77.2,41100
2026-05-21 14:14:00,77.2,77.3,77.1,77.2,61500
2026-05-21 14:15:00,77.1,77.4,77.0,77.2,66800
2026-05-21 14:16:00,77.2,77.5,77.1,77.5,87700
2026-05-21 14:17:00,77.2,77.5,77.0,77.1,88600
2026-05-21 14:18:00,77.1,77.1,76.9,76.9,81200
2026-05-21 14:19:00,76.9,77.0,76.7,76.7,110600
2026-05-21 14:20:00,76.7,76.8,76.6,76.7,70800
2026-05-21 14:21:00,76.8,76.8,76.7,76.7,83500
2026-05-21 14:22:00,76.8,76.9,76.7,76.7,121300
2026-05-21 14:23:00,76.7,76.8,76.6,76.8,97700
2026-05-21 14:24:00,76.6,76.8,76.6,76.6,70500
2026-05-21 14:25:00,76.6,76.8,76.6,76.7,101900
2026-05-21 14:26:00,76.7,76.8,76.7,76.7,78800
2026-05-21 14:27:00,76.7,76.8,76.6,76.7,110700
2026-05-21 14:28:00,76.7,77.0,76.7,76.8,101500
2026-05-21 14:29:00,77.0,77.1,76.8,76.9,61100
2026-05-21 14:45:00,76.5,76.5,76.5,76.5,328100
2026-05-22 09:15:00,76.8,76.8,76.3,76.5,91600
2026-05-22 09:16:00,76.5,76.5,76.3,76.4,14200
2026-05-22 09:17:00,76.4,76.6,76.4,76.5,11200
2026-05-22 09:18:00,76.5,76.5,76.5,76.5,5200
2026-05-22 09:19:00,76.5,76.5,76.5,76.5,13500
2026-05-22 09:20:00,76.5,76.5,76.4,76.4,21400
2026-05-22 09:21:00,76.4,76.4,76.2,76.2,16200
2026-05-22 09:22:00,76.3,76.3,76.2,76.2,10800
2026-05-22 09:23:00,76.2,76.3,76.2,76.3,7100
2026-05-22 09:24:00,76.3,76.3,76.2,76.3,7800
2026-05-22 09:25:00,76.3,76.3,76.2,76.2,38800
2026-05-22 09:26:00,76.3,76.4,76.3,76.3,20300
2026-05-22 09:27:00,76.4,76.4,76.3,76.4,29900
2026-05-22 09:28:00,76.5,76.7,76.5,76.7,66300
2026-05-22 09:29:00,76.7,76.9,76.7,76.9,37300
2026-05-22 09:30:00,76.9,76.9,76.8,76.8,53700
2026-05-22 09:31:00,76.8,76.8,76.6,76.6,17500
2026-05-22 09:32:00,76.7,76.8,76.5,76.6,61900
2026-05-22 09:33:00,76.6,76.7,76.5,76.5,33700
2026-05-22 09:34:00,76.5,76.6,76.5,76.5,37100
2026-05-22 09:35:00,76.6,76.6,76.5,76.5,15300
2026-05-22 09:36:00,76.5,76.6,76.5,76.5,23700
2026-05-22 09:37:00,76.5,76.6,76.4,76.6,39700
2026-05-22 09:38:00,76.5,76.6,76.4,76.5,4000
2026-05-22 09:39:00,76.5,76.6,76.5,76.6,24000
2026-05-22 09:40:00,76.6,76.6,76.5,76.6,5400
2026-05-22 09:41:00,76.6,76.6,76.5,76.5,26200
2026-05-22 09:42:00,76.5,76.8,76.5,76.8,41800
2026-05-22 09:43:00,76.8,77.2,76.8,77.2,151500
2026-05-22 09:44:00,77.3,77.5,77.0,77.4,106300
2026-05-22 09:45:00,77.4,77.4,77.0,77.2,58300
2026-05-22 09:46:00,77.1,77.3,76.9,77.1,110400
2026-05-22 09:47:00,77.1,77.2,77.0,77.0,46700
2026-05-22 09:48:00,77.0,77.0,76.9,77.0,44200
2026-05-22 09:49:00,77.1,77.2,77.0,77.0,65900
2026-05-22 09:50:00,77.0,77.1,76.9,77.0,55600
2026-05-22 09:51:00,77.0,77.1,77.0,77.0,31500
2026-05-22 09:52:00,77.0,77.1,77.0,77.0,32600
2026-05-22 09:53:00,77.0,77.0,77.0,77.0,11600
2026-05-22 09:54:00,77.1,77.1,77.0,77.1,51200
2026-05-22 09:55:00,77.1,77.1,77.1,77.1,7100
2026-05-22 09:56:00,77.1,77.1,77.1,77.1,5900
2026-05-22 09:57:00,77.1,77.1,77.1,77.1,6100
2026-05-22 09:58:00,77.1,77.2,77.0,77.0,19500
2026-05-22 09:59:00,77.0,77.0,77.0,77.0,48500
2026-05-22 10:00:00,77.0,77.0,76.9,76.9,7500
2026-05-22 10:01:00,76.9,77.0,76.9,77.0,64000
2026-05-22 10:02:00,77.0,77.0,77.0,77.0,21600
2026-05-22 10:03:00,77.0,77.0,77.0,77.0,57100
2026-05-22 10:04:00,77.0,77.1,77.0,77.1,59000
2026-05-22 10:05:00,77.0,77.1,77.0,77.0,10800
2026-05-22 10:06:00,77.0,77.2,77.0,77.2,66000
2026-05-22 10:07:00,77.2,77.5,77.2,77.5,111000
2026-05-22 10:08:00,77.4,77.6,77.4,77.6,127100
2026-05-22 10:09:00,77.6,77.6,77.5,77.5,43600
2026-05-22 10:10:00,77.6,77.6,77.3,77.3,87200
2026-05-22 10:11:00,77.3,77.3,77.2,77.2,18600
2026-05-22 10:12:00,77.2,77.3,77.2,77.3,38500
2026-05-22 10:13:00,77.3,77.3,77.3,77.3,24400
2026-05-22 10:14:00,77.3,77.4,77.2,77.2,47300
2026-05-22 10:15:00,77.3,77.3,77.2,77.2,16900
2026-05-22 10:16:00,77.2,77.3,77.2,77.3,25100
2026-05-22 10:17:00,77.2,77.3,77.2,77.3,17300
2026-05-22 10:18:00,77.3,77.3,77.2,77.3,8700
2026-05-22 10:19:00,77.3,77.3,77.2,77.3,14800
2026-05-22 10:20:00,77.3,77.3,77.2,77.2,182600
2026-05-22 10:21:00,77.2,77.3,77.2,77.2,23800
2026-05-22 10:22:00,77.2,77.3,77.2,77.2,56700
2026-05-22 10:23:00,77.2,77.2,77.1,77.1,44300
2026-05-22 10:24:00,77.1,77.2,77.1,77.2,28800
2026-05-22 10:25:00,77.2,77.2,77.1,77.1,9400
2026-05-22 10:26:00,77.1,77.2,77.1,77.2,46200
2026-05-22 10:27:00,77.1,77.2,77.1,77.2,30500
2026-05-22 10:28:00,77.2,77.2,77.1,77.2,33800
2026-05-22 10:29:00,77.2,77.2,77.1,77.2,22400
2026-05-22 10:30:00,77.2,77.2,77.1,77.2,24800
2026-05-22 10:31:00,77.2,77.3,77.2,77.2,29600
2026-05-22 10:32:00,77.3,77.3,77.2,77.2,63500
2026-05-22 10:33:00,77.3,77.3,77.2,77.3,33700
2026-05-22 10:34:00,77.2,77.3,77.2,77.2,14100
2026-05-22 10:35:00,77.2,77.4,77.2,77.4,89700
2026-05-22 10:36:00,77.4,77.4,77.3,77.4,21400
2026-05-22 10:37:00,77.4,77.5,77.3,77.4,121500
2026-05-22 10:38:00,77.4,77.4,77.3,77.3,59900
2026-05-22 10:39:00,77.3,77.4,77.2,77.3,56300
2026-05-22 10:40:00,77.3,77.3,77.3,77.3,15900
2026-05-22 10:41:00,77.3,77.3,77.3,77.3,40600
2026-05-22 10:42:00,77.3,77.4,77.3,77.3,50700
2026-05-22 10:43:00,77.3,77.4,77.3,77.3,9000
2026-05-22 10:44:00,77.3,77.3,77.3,77.3,47600
2026-05-22 10:45:00,77.3,77.3,77.2,77.2,11300
2026-05-22 10:46:00,77.2,77.3,77.2,77.2,62400
2026-05-22 10:47:00,77.2,77.2,77.1,77.1,45200
2026-05-22 10:48:00,77.1,77.2,77.1,77.1,21800
2026-05-22 10:49:00,77.1,77.2,77.1,77.1,36300
2026-05-22 10:50:00,77.1,77.2,77.0,77.1,14400
2026-05-22 10:51:00,77.1,77.1,77.0,77.0,16800
2026-05-22 10:52:00,77.1,77.1,77.0,77.0,26300
2026-05-22 10:53:00,77.0,77.1,77.0,77.0,119500
2026-05-22 10:54:00,77.0,77.1,76.9,76.9,44800
2026-05-22 10:55:00,76.9,77.0,76.9,76.9,36200
2026-05-22 10:56:00,76.9,77.0,76.9,76.9,16900
2026-05-22 10:57:00,76.8,76.9,76.7,76.8,46200
2026-05-22 10:58:00,76.8,76.9,76.8,76.9,22700
2026-05-22 10:59:00,76.8,76.8,76.7,76.7,23000
2026-05-22 11:00:00,76.7,76.7,76.7,76.7,23700
2026-05-22 11:01:00,76.7,76.8,76.7,76.7,17300
2026-05-22 11:02:00,76.7,76.8,76.7,76.8,4900
2026-05-22 11:03:00,76.7,76.8,76.7,76.7,12800
2026-05-22 11:04:00,76.7,76.8,76.7,76.7,35800
2026-05-22 11:05:00,76.8,76.8,76.7,76.7,20000
2026-05-22 11:06:00,76.7,76.8,76.7,76.8,27900
2026-05-22 11:07:00,76.8,76.8,76.7,76.8,22000
2026-05-22 11:08:00,76.8,76.8,76.7,76.7,25300
2026-05-22 11:09:00,76.7,76.8,76.7,76.8,14900
2026-05-22 11:10:00,76.8,76.8,76.7,76.8,6300
2026-05-22 11:11:00,76.7,76.8,76.7,76.7,64300
2026-05-22 11:12:00,76.7,76.7,76.6,76.6,27600
2026-05-22 11:13:00,76.6,76.7,76.6,76.7,19200
2026-05-22 11:14:00,76.7,76.7,76.6,76.6,22700
2026-05-22 11:15:00,76.6,76.7,76.6,76.7,23200
2026-05-22 11:16:00,76.7,76.7,76.6,76.6,43100
2026-05-22 11:17:00,76.6,76.6,76.5,76.5,21800
2026-05-22 11:18:00,76.6,76.6,76.5,76.5,38000
2026-05-22 11:19:00,76.5,76.6,76.5,76.5,96000
2026-05-22 11:20:00,76.5,76.6,76.5,76.6,19200
2026-05-22 11:21:00,76.5,76.6,76.4,76.6,67000
2026-05-22 11:22:00,76.6,76.8,76.6,76.8,32000
2026-05-22 11:23:00,76.8,76.9,76.7,76.9,67700
2026-05-22 11:24:00,76.9,77.0,76.8,77.0,135600
2026-05-22 11:25:00,77.0,77.0,76.9,77.0,27300
2026-05-22 11:26:00,77.0,77.0,76.9,77.0,18200
2026-05-22 11:27:00,77.0,77.0,76.9,77.0,23100
2026-05-22 11:28:00,76.9,77.0,76.9,76.9,4500
2026-05-22 11:29:00,77.0,77.0,76.9,77.0,40700
2026-05-22 13:00:00,77.0,77.0,76.6,76.6,144200
2026-05-22 13:01:00,76.6,76.9,76.5,76.7,72800
2026-05-22 13:02:00,76.7,76.8,76.7,76.7,22600
2026-05-22 13:03:00,76.7,76.8,76.6,76.7,41300
2026-05-22 13:04:00,76.7,77.0,76.7,77.0,110100
2026-05-22 13:05:00,76.9,77.0,76.9,76.9,57400
2026-05-22 13:06:00,76.9,77.0,76.9,77.0,28300
2026-05-22 13:07:00,77.0,77.0,76.9,76.9,14600
2026-05-22 13:08:00,76.9,77.0,76.9,76.9,56800
2026-05-22 13:09:00,76.9,76.9,76.8,76.9,47500
2026-05-22 13:10:00,76.9,77.0,76.9,76.9,21000
2026-05-22 13:11:00,76.9,77.0,76.9,76.9,55900
2026-05-22 13:12:00,76.9,76.9,76.8,76.8,25800
2026-05-22 13:13:00,76.8,76.8,76.7,76.7,6600
2026-05-22 13:14:00,76.7,76.7,76.6,76.6,88400
2026-05-22 13:15:00,76.7,76.7,76.5,76.6,46100
2026-05-22 13:16:00,76.5,76.6,76.5,76.6,19500
2026-05-22 13:17:00,76.6,76.7,76.6,76.6,51400
2026-05-22 13:18:00,76.7,76.7,76.6,76.7,14500
2026-05-22 13:19:00,76.6,76.7,76.5,76.6,53600
2026-05-22 13:20:00,76.7,76.8,76.6,76.7,28800
2026-05-22 13:21:00,76.7,76.7,76.5,76.5,133100
2026-05-22 13:22:00,76.6,76.6,76.4,76.4,35100
2026-05-22 13:23:00,76.4,76.5,76.3,76.3,71900
2026-05-22 13:24:00,76.3,76.3,76.1,76.1,122500
2026-05-22 13:25:00,76.1,76.2,75.7,75.8,409700
2026-05-22 13:26:00,75.7,76.2,75.7,76.2,120300
2026-05-22 13:27:00,76.2,76.4,76.1,76.3,26400
2026-05-22 13:28:00,76.3,76.3,75.9,75.9,73900
2026-05-22 13:29:00,75.9,76.0,75.9,76.0,56600
2026-05-22 13:30:00,76.0,76.2,75.9,76.2,17800
2026-05-22 13:31:00,76.2,76.2,76.1,76.1,19200
2026-05-22 13:32:00,76.1,76.2,76.0,76.1,17600
2026-05-22 13:33:00,76.1,76.2,76.1,76.2,20400
2026-05-22 13:34:00,76.2,76.2,76.1,76.1,17800
2026-05-22 13:35:00,76.1,76.2,76.1,76.2,12100
2026-05-22 13:36:00,76.2,76.2,76.1,76.2,33800
2026-05-22 13:37:00,76.2,76.3,76.2,76.3,17500
2026-05-22 13:38:00,76.3,76.4,76.3,76.3,38700
2026-05-22 13:39:00,76.4,76.5,76.3,76.5,13500
2026-05-22 13:40:00,76.5,76.5,76.4,76.5,41500
2026-05-22 13:41:00,76.5,76.7,76.5,76.6,32100
2026-05-22 13:42:00,76.6,76.7,76.6,76.6,43300
2026-05-22 13:43:00,76.7,76.7,76.5,76.5,25600
2026-05-22 13:44:00,76.6,76.6,76.4,76.4,61100
2026-05-22 13:45:00,76.3,76.5,76.3,76.4,26600
2026-05-22 13:46:00,76.4,76.5,76.4,76.5,27600
2026-05-22 13:47:00,76.4,76.4,76.3,76.4,15000
2026-05-22 13:48:00,76.4,76.4,76.4,76.4,11600
2026-05-22 13:49:00,76.4,76.4,76.3,76.4,12400
2026-05-22 13:50:00,76.4,76.4,76.3,76.4,13000
2026-05-22 13:51:00,76.4,76.5,76.3,76.5,26300
2026-05-22 13:52:00,76.5,76.5,76.4,76.5,15200
2026-05-22 13:53:00,76.4,76.5,76.4,76.4,12000
2026-05-22 13:54:00,76.4,76.5,76.4,76.4,17000
2026-05-22 13:55:00,76.5,76.5,76.4,76.4,14400
2026-05-22 13:56:00,76.4,76.5,76.3,76.3,14700
2026-05-22 13:57:00,76.3,76.4,76.2,76.2,59000
2026-05-22 13:58:00,76.2,76.3,76.1,76.2,23900
2026-05-22 13:59:00,76.2,76.2,76.1,76.2,14400
2026-05-22 14:00:00,76.2,76.3,76.1,76.3,12500
2026-05-22 14:01:00,76.2,76.4,76.2,76.3,32500
2026-05-22 14:02:00,76.2,76.3,76.2,76.2,16500
2026-05-22 14:03:00,76.3,76.3,76.2,76.3,21600
2026-05-22 14:04:00,76.3,76.3,75.8,75.8,373400
2026-05-22 14:05:00,75.8,76.1,75.8,75.9,50800
2026-05-22 14:06:00,75.9,76.0,75.8,75.9,42600
2026-05-22 14:07:00,75.9,75.9,75.8,75.8,68300
2026-05-22 14:08:00,75.9,75.9,75.5,75.5,338400
2026-05-22 14:09:00,75.6,75.8,75.5,75.7,95200
2026-05-22 14:10:00,75.7,76.0,75.7,75.9,34700
2026-05-22 14:11:00,75.9,76.0,75.8,75.8,31700
2026-05-22 14:12:00,75.8,75.9,75.7,75.8,38600
2026-05-22 14:13:00,75.8,75.9,75.7,75.7,68000
2026-05-22 14:14:00,75.8,75.8,75.6,75.7,64000
2026-05-22 14:15:00,75.7,75.7,75.3,75.4,335700
2026-05-22 14:16:00,75.4,75.4,75.3,75.4,157700
2026-05-22 14:17:00,75.4,75.7,75.3,75.7,94000
2026-05-22 14:18:00,75.6,75.7,75.6,75.6,24800
2026-05-22 14:19:00,75.7,75.7,75.6,75.7,47100
2026-05-22 14:20:00,75.7,75.7,75.6,75.7,46300
2026-05-22 14:21:00,75.7,75.8,75.6,75.8,29900
2026-05-22 14:22:00,75.7,75.8,75.7,75.8,55400
2026-05-22 14:23:00,75.8,75.8,75.7,75.8,36200
2026-05-22 14:24:00,75.8,75.9,75.7,75.7,40800
2026-05-22 14:25:00,75.7,75.8,75.7,75.8,48200
2026-05-22 14:26:00,75.7,75.9,75.7,75.8,50000
2026-05-22 14:27:00,75.8,75.9,75.7,75.9,101500
2026-05-22 14:28:00,75.8,75.9,75.7,75.8,47400
2026-05-22 14:29:00,75.8,75.8,75.5,75.6,546600
2026-05-22 14:45:00,75.1,75.1,75.1,75.1,748900
